1jOLTO379yIu9aMnCkpMQl,4nwKdZID1ht0lDBJ5h2p87
4nwKdZID1ht0lDBJ5h2p87,4JOyMhad5dD81uGYLGgKrS
4JOyMhad5dD81uGYLGgKrS,1FTCA6wQwulQFokDddKE68
1FTCA6wQwulQFokDddKE68,2jtUGFsqanQ82zqDlhiKIp
2jtUGFsqanQ82zqDlhiKIp,01SfTM5nfCou5gQL70r6gs
01SfTM5nfCou5gQL70r6gs,5eZrW59C3UgBhkqNlowEID
5eZrW59C3UgBhkqNlowEID,5aHHf6jrqDRb1fcBmue2kn
5aHHf6jrqDRb1fcBmue2kn,6UCFZ9ZOFRxK8oak7MdPZu
4fUKE8EULjQdHF4zb0M8FO,2RnPATK99oGOZygnD2GTO6
5B8uuVVi3th3t1f5HSGmKW,7h40Wjln6yCdwpRjm92wim
54Sc7mZQ1RM03STpk4SfaA,3dP0pLbg9OfVwssDjp9aT0
